episode,wall_time_s,cpu_time_s,ram_mb,cpu_pct
1,0.011044025421142578,0.01105000000001155,222.296875,100.2
2,0.021999120712280273,0.022005000000007158,222.296875,100.1
3,0.03338003158569336,0.03338500000000977,222.296875,99.9
4,0.04494214057922363,0.04491999999999052,222.296875,99.8
5,0.05613207817077637,0.05610999999998967,222.296875,100.0
6,0.0671842098236084,0.06712400000000684,222.3125,99.6
7,0.07821488380432129,0.07815400000001205,222.375,99.9
8,0.08962106704711914,0.08953700000000708,222.40625,99.9
9,0.10122108459472656,0.10109399999998914,222.40625,99.6
10,0.11205101013183594,0.11192299999999022,222.40625,100.0
11,0.12355899810791016,0.12339099999999803,222.40625,99.7
12,0.13457298278808594,0.13440499999998679,222.40625,100.0
13,0.14609885215759277,0.14588699999998767,222.40625,99.6
14,0.15700101852416992,0.1567890000000034,222.40625,100.0
15,0.16807198524475098,0.16785999999999035,222.40625,99.9
16,0.17836999893188477,0.17814200000000824,222.40625,100.0
17,0.19029498100280762,0.19005200000000855,222.453125,99.9
18,0.2012169361114502,0.20096200000000408,222.453125,99.8
19,0.21162796020507812,0.21137200000001144,222.453125,100.0
20,0.2220470905303955,0.22178400000001375,222.453125,100.0
21,0.2328498363494873,0.23257300000000214,222.453125,99.8
22,0.24407196044921875,0.24379500000000576,222.453125,100.0
23,0.25458812713623047,0.2543110000000013,222.453125,100.0
24,0.2654910087585449,0.26519799999999805,222.453125,99.8
25,0.2771189212799072,0.2768130000000042,222.453125,99.9
26,0.2878761291503906,0.2875699999999881,222.453125,99.9
27,0.29891514778137207,0.298593000000011,222.453125,99.9
28,0.3089590072631836,0.3086370000000045,222.453125,100.0
29,0.3189361095428467,0.3186059999999884,222.453125,99.8
30,0.3301661014556885,0.3298200000000122,222.453125,99.9
31,0.3411870002746582,0.3408420000000092,222.453125,100.1
32,0.3513970375061035,0.35102699999998777,222.453125,99.8
33,0.3625831604003906,0.362212999999997,222.453125,99.9
34,0.3721730709075928,0.3718029999999999,222.453125,100.0
35,0.3818941116333008,0.3815240000000131,222.453125,100.1
36,0.39209508895874023,0.3917240000000106,222.453125,99.9
37,0.40349793434143066,0.4031129999999905,222.453125,100.0
38,0.41489505767822266,0.41449600000001396,222.453125,99.8
39,0.42583513259887695,0.4254349999999931,222.453125,100.0
40,0.43645501136779785,0.436033000000009,222.453125,99.8
41,0.44796323776245117,0.44752099999999473,222.453125,99.8
42,0.45842719078063965,0.4579740000000072,222.453125,99.8
43,0.4683830738067627,0.46792899999999804,222.453125,100.1
44,0.4790680408477783,0.47860800000000836,222.453125,99.9
45,0.490278959274292,0.48980499999998983,222.453125,99.8
46,0.5011031627655029,0.5006079999999997,222.453125,99.9
47,0.5115251541137695,0.5110300000000052,222.453125,100.0
48,0.5222351551055908,0.5217319999999859,222.453125,99.8
49,0.5330460071563721,0.5325420000000065,222.453125,100.0
50,0.5433311462402344,0.542822000000001,222.453125,99.9
51,0.5544800758361816,0.5539699999999925,222.453125,100.1
52,0.5651919841766357,0.5646810000000073,222.453125,100.0
53,0.5757591724395752,0.5751960000000054,222.453125,99.5
54,0.5859329700469971,0.5853510000000028,222.453125,99.8
55,0.5968801975250244,0.5962869999999896,222.453125,99.9
56,0.6073410511016846,0.606741999999997,222.453125,100.0
57,0.6177620887756348,0.617163000000005,222.453125,100.0
58,0.6276030540466309,0.6270039999999995,222.453125,100.1
59,0.6379189491271973,0.6373120000000085,222.453125,99.9
60,0.6490721702575684,0.6484649999999874,222.453125,100.1
61,0.659977912902832,0.6593290000000138,222.453125,99.6
62,0.6706302165985107,0.6699800000000096,222.453125,100.1
63,0.6812930107116699,0.6806440000000009,222.453125,99.9
64,0.6922612190246582,0.6915889999999933,222.453125,99.8
65,0.7039210796356201,0.7032489999999996,222.453125,100.1
66,0.7147278785705566,0.7140420000000063,222.453125,99.8
67,0.7258691787719727,0.725166999999999,222.453125,99.9
68,0.7371101379394531,0.7364080000000115,222.453125,99.9
69,0.7482061386108398,0.7474850000000117,222.453125,99.8
70,0.759019136428833,0.758291000000014,222.453125,100.0
71,0.7691659927368164,0.7684299999999951,222.453125,99.8
72,0.7800300121307373,0.7792929999999956,222.453125,100.0
73,0.79134202003479,0.7906049999999993,222.453125,100.0
74,0.8012800216674805,0.8005420000000072,222.453125,100.1
75,0.8115231990814209,0.8107870000000048,222.453125,100.0
76,0.8222160339355469,0.8214790000000107,222.453125,100.0
77,0.8327999114990234,0.8320630000000051,222.453125,99.9
78,0.844163179397583,0.8434259999999938,222.453125,100.0
79,0.8557581901550293,0.8550209999999936,222.453125,100.0
80,0.8672370910644531,0.866484000000014,222.453125,99.8
81,0.8785650730133057,0.8778130000000033,222.453125,100.1
82,0.8896031379699707,0.8888359999999977,222.453125,99.8
83,0.9000430107116699,0.8992759999999862,222.453125,100.0
84,0.910926103591919,0.9101510000000133,222.453125,100.0
85,0.9221408367156982,0.921356000000003,222.453125,100.0
86,0.9323229789733887,0.9315279999999859,222.453125,99.9
87,0.9429850578308105,0.9421890000000133,222.453125,99.9
88,0.9545331001281738,0.9537229999999965,222.453125,99.9
89,0.965339183807373,0.9645289999999989,222.453125,100.1
90,0.9763021469116211,0.9754759999999862,222.453125,99.9
91,0.9874091148376465,0.9865369999999984,222.453125,99.6
92,0.998323917388916,0.9974520000000098,222.453125,100.0
93,1.0091960430145264,1.0083099999999945,222.453125,99.8
94,1.0198841094970703,1.0189870000000099,222.453125,99.9
95,1.0304830074310303,1.0295710000000042,222.453125,99.9
96,1.041640043258667,1.0407179999999983,222.453125,99.9
97,1.053452968597412,1.0525230000000079,222.453125,99.9
98,1.0641160011291504,1.0631850000000043,222.453125,100.1
99,1.0750319957733154,1.074101000000013,222.453125,99.9
100,1.0858471393585205,1.0847909999999956,222.453125,98.8
101,1.0965089797973633,1.0954490000000021,222.453125,100.0
102,1.1069490909576416,1.1058700000000101,222.453125,99.9
103,1.1171698570251465,1.1160710000000051,222.453125,99.7
104,1.1273112297058105,1.126199000000014,222.453125,99.9
105,1.138822078704834,1.1376879999999971,222.46875,99.8
106,1.1490249633789062,1.1478879999999947,222.46875,99.9
107,1.159816026687622,1.1586719999999957,222.46875,100.0
108,1.1694631576538086,1.1683199999999943,222.46875,100.0
109,1.1791870594024658,1.1780439999999999,222.46875,100.0
110,1.1895968914031982,1.188445999999999,222.46875,100.0
111,1.2003870010375977,1.1992020000000139,222.46875,99.5
112,1.2114171981811523,1.2102309999999932,222.46875,100.1
113,1.223189115524292,1.2219739999999888,222.46875,99.7
114,1.233708143234253,1.2324930000000052,222.46875,100.0
115,1.2436349391937256,1.2424190000000124,222.46875,99.9
116,1.2541029453277588,1.2528749999999889,222.46875,100.0
117,1.2656300067901611,1.2643909999999892,222.46875,99.8
118,1.2767019271850586,1.2754429999999957,222.46875,99.9
119,1.2874970436096191,1.286235000000005,222.46875,99.9
120,1.2980921268463135,1.296795000000003,222.46875,99.7
121,1.3093130588531494,1.3080019999999877,222.46875,99.9
122,1.320716142654419,1.3193860000000086,222.46875,99.8
123,1.3319239616394043,1.3305949999999882,222.46875,100.0
124,1.3427619934082031,1.341432999999995,222.46875,99.9
125,1.3539531230926514,1.352607000000006,222.46875,99.9
126,1.3647301197052002,1.3633839999999964,222.46875,100.1
127,1.3757359981536865,1.3743800000000022,222.46875,99.9
128,1.3865740299224854,1.3852170000000115,222.46875,100.0
129,1.3979871273040771,1.3966200000000129,222.46875,100.0
130,1.4076189994812012,1.4062470000000076,222.46875,99.9
131,1.418302059173584,1.416924999999992,222.46875,100.0
132,1.4290401935577393,1.4276629999999955,222.46875,100.0
133,1.4397881031036377,1.438395000000014,222.46875,99.9
134,1.450545072555542,1.4491529999999955,222.46875,100.0
135,1.4617409706115723,1.4603329999999914,222.46875,99.8
136,1.4721012115478516,1.4706679999999892,222.46875,99.8
137,1.482769250869751,1.4813369999999964,222.46875,100.0
138,1.4932830333709717,1.4918279999999982,222.46875,99.8
139,1.5049841403961182,1.5035919999999976,223.0,100.6
140,1.5166020393371582,1.5151950000000056,223.0,99.8
141,1.5274732112884521,1.526048000000003,223.0,99.9
142,1.5383920669555664,1.5369680000000017,223.0,100.0
143,1.5491180419921875,1.547678999999988,223.0,100.0
144,1.5602118968963623,1.5587580000000116,223.0,99.8
145,1.5713200569152832,1.5698509999999999,223.0,99.9
146,1.5824439525604248,1.5809619999999995,223.0,99.8
147,1.5936119556427002,1.5921280000000024,223.0,100.0
148,1.6043949127197266,1.6029059999999902,223.0,100.0
149,1.6164510250091553,1.6150230000000079,223.015625,100.4
150,1.6277320384979248,1.626289000000014,223.015625,100.0
151,1.6385431289672852,1.6370990000000063,223.015625,99.9
152,1.6491870880126953,1.6477289999999982,223.015625,100.0
153,1.659811019897461,1.6583390000000122,223.015625,99.9
154,1.6700439453125,1.6685730000000092,223.015625,100.0
155,1.679664134979248,1.6781939999999906,223.015625,100.0
156,1.6894800662994385,1.688006999999999,223.015625,100.0
157,1.6998050212860107,1.6983160000000055,223.015625,99.8
158,1.7106969356536865,1.7092030000000022,223.015625,99.9
159,1.7221240997314453,1.72072399999999,223.015625,100.9
160,1.7330090999603271,1.7316079999999943,223.015625,100.0
161,1.7439649105072021,1.7425169999999923,223.015625,99.6
162,1.7550301551818848,1.7535660000000064,223.015625,99.9
163,1.7660000324249268,1.764519000000007,223.015625,99.7
164,1.7760910987854004,1.7746009999999899,223.015625,100.1
165,1.7866418361663818,1.785145,223.015625,99.9
166,1.797093152999878,1.7955880000000093,223.015625,99.9
167,1.8082730770111084,1.8067389999999932,223.015625,99.7
168,1.819303035736084,1.817768000000001,223.015625,100.0
169,1.8310809135437012,1.8295980000000043,223.015625,100.5
170,1.8420400619506836,1.8405439999999942,223.015625,99.8
171,1.8521521091461182,1.8506509999999992,223.015625,99.9
172,1.8629088401794434,1.861407000000014,223.015625,100.0
173,1.8742380142211914,1.8727230000000077,223.015625,99.9
174,1.885188102722168,1.883656000000002,223.015625,99.9
175,1.8969972133636475,1.8954490000000135,223.015625,99.9
176,1.9077670574188232,1.9062110000000132,223.015625,100.0
177,1.9186081886291504,1.9170279999999877,223.015625,99.7
178,1.9287760257720947,1.927170999999987,223.015625,99.8
179,1.940190076828003,1.9386629999999911,223.046875,100.7
180,1.9512300491333008,1.949702000000002,223.046875,99.9
181,1.9623379707336426,1.960788000000008,223.046875,99.8
182,1.9724791049957275,1.9709290000000124,223.046875,100.0
183,1.9822800159454346,1.9807250000000067,223.046875,100.0
184,1.992553949356079,1.9910000000000139,223.046875,100.1
185,2.0024759769439697,2.0009220000000028,223.046875,99.9
186,2.0121190547943115,2.010565000000014,223.046875,100.0
187,2.0229029655456543,2.021342000000004,223.046875,99.9
188,2.0338330268859863,2.0322710000000086,223.046875,100.1
189,2.045668125152588,2.044184999999999,223.046875,100.6
190,2.056839942932129,2.0553390000000036,223.046875,99.9
191,2.0675809383392334,2.066080999999997,223.046875,100.1
192,2.0774760246276855,2.075958000000014,223.046875,99.7
193,2.0879249572753906,2.0863980000000026,223.046875,100.0
194,2.09895396232605,2.097408999999999,223.046875,99.8
195,2.108957052230835,2.1074110000000132,223.046875,100.0
196,2.119110107421875,2.117567000000008,223.046875,100.0
197,2.129728078842163,2.1281669999999906,223.046875,99.8
198,2.1398351192474365,2.1382739999999956,223.046875,100.0
199,2.1510069370269775,2.149552,223.109375,101.1
200,2.162128210067749,2.160658000000012,223.109375,99.8
201,2.173084020614624,2.1716120000000103,223.109375,100.0
202,2.1841888427734375,2.1827010000000087,223.109375,99.8
203,2.1947691440582275,2.193281000000013,223.109375,100.0
204,2.205508232116699,2.204020000000014,223.109375,100.1
205,2.2165000438690186,2.2149960000000135,223.109375,99.9
206,2.2272801399230957,2.2257769999999937,223.109375,99.9
207,2.2378602027893066,2.2363560000000007,223.109375,100.0
208,2.249251127243042,2.247733000000011,223.109375,99.9
209,2.260921001434326,2.259490999999997,223.109375,100.8
210,2.2715630531311035,2.2701319999999896,223.109375,100.0
211,2.283039093017578,2.2815929999999867,223.125,99.8
212,2.2940590381622314,2.292577999999992,223.125,99.7
213,2.3044769763946533,2.3029960000000074,223.125,100.1
214,2.315235137939453,2.313740999999993,223.125,99.8
215,2.3256609439849854,2.3241470000000106,223.125,99.8
216,2.335767984390259,2.3342460000000074,223.125,99.8
217,2.347378969192505,2.345843000000002,223.125,100.0
218,2.3579111099243164,2.356375000000014,223.125,99.9
219,2.3692750930786133,2.367798999999991,223.1875,100.6
220,2.379425048828125,2.3779360000000054,223.1875,99.8
221,2.3894970417022705,2.3880010000000027,223.1875,99.9
222,2.4009342193603516,2.399439000000001,223.1875,100.0
223,2.412271022796631,2.410761000000008,223.1875,99.9
224,2.422767162322998,2.421256999999997,223.1875,100.0
225,2.432905912399292,2.431385000000006,223.1875,99.8
226,2.442437171936035,2.4409149999999897,223.1875,100.1
227,2.453221082687378,2.451693000000006,223.1875,99.9
228,2.4638781547546387,2.4623320000000035,223.1875,99.8
229,2.4754738807678223,2.4740030000000104,223.21875,100.6
230,2.4871840476989746,2.485713000000004,223.21875,100.0
231,2.498080015182495,2.496608000000009,223.21875,100.0
232,2.508373975753784,2.506890999999996,223.25,99.8
233,2.5186281204223633,2.517140000000012,223.25,100.0
234,2.52911114692688,2.5276230000000055,223.25,100.0
235,2.5387661457061768,2.5372779999999864,223.25,100.0
236,2.548330068588257,2.546843999999993,223.25,100.1
237,2.5590391159057617,2.557549999999992,223.25,99.9
238,2.569392204284668,2.567903000000001,223.25,100.0
239,2.5808000564575195,2.579453000000001,223.25,101.3
240,2.5917530059814453,2.590405000000004,223.25,99.9
241,2.603180170059204,2.6018119999999954,223.25,99.8
242,2.614888906478882,2.613516000000004,223.25,100.0
243,2.626190185546875,2.6248170000000073,223.25,100.0
244,2.637186050415039,2.6358140000000105,223.25,100.0
245,2.6477692127227783,2.6463970000000074,223.25,100.0
246,2.6586620807647705,2.657272000000006,223.25,99.8
247,2.66979718208313,2.668407000000002,223.25,100.1
248,2.6808109283447266,2.679406,223.25,99.9
249,2.6923630237579346,2.691037999999992,223.28125,100.7
250,2.703360080718994,2.7020180000000096,223.3125,99.8
251,2.713487148284912,2.712140000000005,223.3125,99.8
252,2.7242748737335205,2.7229210000000137,223.3125,100.0
253,2.735056161880493,2.733701999999994,223.3125,100.0
254,2.7461419105529785,2.744768999999991,223.3125,99.9
255,2.756953001022339,2.7555639999999926,223.3125,99.8
256,2.767153263092041,2.7657629999999926,223.3125,100.0
257,2.777920961380005,2.7765249999999924,223.3125,99.9
258,2.789139986038208,2.7877440000000036,223.3125,100.0
259,2.8004980087280273,2.7991429999999866,223.3125,100.3
260,2.8104162216186523,2.8090540000000033,223.3125,99.9
261,2.821475028991699,2.820112999999992,223.3125,100.1
262,2.8316779136657715,2.8303160000000105,223.3125,99.9
263,2.8424901962280273,2.8411279999999977,223.3125,100.1
264,2.853856086730957,2.852478999999988,223.3125,99.8
265,2.8650081157684326,2.8636160000000075,223.3125,99.8
266,2.8760030269622803,2.874592000000007,223.3125,99.8
267,2.887127161026001,2.8857010000000116,223.3125,100.0
268,2.898813009262085,2.8973809999999958,223.3125,99.9
269,2.910107135772705,2.908726999999999,223.421875,100.5
270,2.9213461875915527,2.9199509999999975,223.421875,99.8
271,2.9333722591400146,2.9319429999999898,223.421875,99.8
272,2.945122003555298,2.9436870000000113,223.421875,99.9
273,2.955531120300293,2.9540959999999927,223.421875,100.0
274,2.9659130573272705,2.964461,223.421875,99.8
275,2.975862979888916,2.97440499999999,223.421875,100.0
276,2.986488103866577,2.9850219999999865,223.421875,99.9
277,2.9977200031280518,2.9962500000000034,223.421875,99.9
278,3.009273052215576,3.00779,223.421875,99.9
279,3.020923137664795,3.0195249999999874,223.421875,100.7
280,3.031309127807617,3.0299109999999985,223.421875,100.0
281,3.042310953140259,3.040900999999991,223.421875,99.9
282,3.0531840324401855,3.051755000000014,223.421875,99.7
283,3.0644240379333496,3.0629749999999945,223.421875,100.0
284,3.075340986251831,3.0738910000000033,223.421875,100.0
285,3.0859241485595703,3.084458000000012,223.421875,99.9
286,3.096468925476074,3.094988999999998,223.421875,99.7
287,3.107771158218384,3.1062760000000083,223.421875,99.9
288,3.118415117263794,3.116895999999997,223.421875,99.8
289,3.1274161338806152,3.1259520000000123,223.421875,100.5
290,3.1359081268310547,3.1344449999999995,223.4375,100.1
291,3.2714810371398926,3.2699269999999956,223.4375,99.9
292,3.2813570499420166,3.279802999999987,223.4375,100.0
293,3.290726900100708,3.2891579999999863,223.4375,99.9
294,3.3013761043548584,3.299808000000013,223.4375,100.0
295,3.3119239807128906,3.310340999999994,223.4375,99.8
296,3.3226730823516846,3.3210730000000126,223.4375,99.9
297,3.3370590209960938,3.335460000000012,223.4375,100.0
298,3.3490490913391113,3.3474319999999977,223.4375,99.8
299,3.484492063522339,3.4828390000000127,223.453125,100.0
300,3.616408109664917,3.614676000000003,223.453125,99.9
301,3.7456300258636475,3.743860000000012,223.453125,100.0
302,3.8815109729766846,3.8795810000000017,223.453125,99.9
303,4.017059087753296,4.015035000000012,223.453125,99.9
304,4.153724908828735,4.151569999999992,223.453125,99.9
305,4.286731958389282,4.284457000000003,223.453125,99.9
306,4.421810865402222,4.419422999999995,223.453125,99.9
307,4.55721116065979,4.554708000000005,223.46875,99.9
308,4.6925671100616455,4.689942000000002,223.46875,99.9
309,4.844864130020142,4.842116000000004,223.46875,99.9
310,4.982357978820801,4.979522000000003,223.46875,99.9
311,5.118844270706177,5.115892000000002,223.46875,99.9
312,5.251224040985107,5.248160000000013,223.46875,99.9
313,5.3827269077301025,5.379569000000004,223.46875,99.9
314,5.533247947692871,5.530009000000007,223.46875,100.0
315,5.685072183609009,5.681742000000014,223.5,99.9
316,5.819281101226807,5.815896000000009,223.5,100.0
317,5.983061075210571,5.979592999999994,223.5,99.9
318,6.116275072097778,6.112739000000005,223.5,100.0
319,6.255048990249634,6.251299999999986,223.5,99.8
320,6.412489891052246,6.408598000000012,223.5,99.9
321,6.547183036804199,6.543192000000005,223.5,99.9
322,6.695206165313721,6.6911289999999894,223.5,99.9
323,6.844389200210571,6.840190000000007,223.5,99.9
324,6.980533123016357,6.976222000000007,223.5,99.9
325,7.124053001403809,7.119663000000003,223.5,99.9
326,7.259606122970581,7.255133999999998,223.5,99.9
327,7.393883228302002,7.389251999999999,223.5,99.9
328,7.528815031051636,7.524068,223.5,99.9
329,7.663757085800171,7.658918999999997,223.5,99.9
330,7.800641059875488,7.795649999999995,223.5,99.9
331,7.935643911361694,7.93059199999999,223.5,100.0
332,8.072535991668701,8.067361000000005,223.5,99.9
333,8.242316007614136,8.236934999999988,223.5,99.9
334,8.375461101531982,8.370068000000003,223.484375,100.0
335,8.526273012161255,8.520625999999993,223.40625,99.8
336,8.659953117370605,8.654202999999995,223.40625,99.9
337,8.794878005981445,8.789097999999996,223.40625,100.0
338,8.931940078735352,8.926052999999996,223.40625,99.9
339,9.065978050231934,9.059985000000012,223.40625,99.9
340,9.203274011611938,9.197151999999988,223.40625,99.9
341,9.338057041168213,9.331819999999993,223.40625,99.9
342,9.476808071136475,9.470454999999987,223.40625,99.9
343,9.612755060195923,9.606357000000003,223.40625,100.0
344,9.761724948883057,9.75515999999999,223.40625,99.9
345,9.895281076431274,9.888630000000006,223.40625,99.9
346,10.033091068267822,10.026398999999998,223.40625,100.0
347,10.171536207199097,10.164710000000014,223.40625,99.9
348,10.305926084518433,10.29905500000001,223.40625,100.0
349,10.437273025512695,10.430315000000007,223.40625,99.9
350,10.580780029296875,10.57374999999999,223.40625,100.0
351,10.716947078704834,10.709855000000005,223.40625,99.9
352,10.850032091140747,10.842863999999992,223.40625,99.9
353,10.983763933181763,10.976460000000003,223.40625,99.9
354,11.117839097976685,11.110426999999987,223.40625,99.9
355,11.254187107086182,11.246680999999995,223.40625,99.9
356,11.390043258666992,11.382431999999994,223.40625,99.9
357,11.546588897705078,11.538866000000013,223.40625,99.9
358,11.676445007324219,11.668657999999994,223.40625,99.9
359,11.812673091888428,11.804807000000011,223.40625,100.0
360,11.949557065963745,11.941523999999987,223.40625,99.9
361,12.078724145889282,12.070640999999995,223.40625,100.0
362,12.21087908744812,12.202739000000008,223.40625,100.0
363,12.34778904914856,12.33955499999999,223.40625,99.9
364,12.484395980834961,12.476031000000006,223.40625,99.9
365,12.635262966156006,12.62680499999999,223.40625,99.9
366,12.773552179336548,12.764961999999997,223.40625,99.9
367,12.910227060317993,12.901596000000012,223.40625,100.0
368,13.047699928283691,13.03893500000001,223.40625,99.9
369,13.18356990814209,13.17467400000001,223.40625,99.9
370,13.321822881698608,13.312810000000013,223.40625,99.9
371,13.452397108078003,13.443313999999987,223.4375,100.0
372,13.600935935974121,13.591726999999992,223.4375,99.9
373,13.740187883377075,13.730854999999991,223.4375,99.9
374,13.873001098632812,13.863584000000003,223.4375,99.9
375,14.010004997253418,14.00052199999999,223.4375,100.0
376,14.145079135894775,14.13551000000001,223.4375,99.9
377,14.27927303314209,14.269588999999996,223.4375,99.9
378,14.412650108337402,14.402864999999991,223.4375,99.9
379,14.550472974777222,14.54056700000001,223.4375,99.9
380,14.683315992355347,14.67328599999999,223.4375,99.9
381,14.844234943389893,14.834013999999996,223.4375,99.9
382,15.002689123153687,14.992345,223.4375,99.9
383,15.141093254089355,15.130617,223.4375,99.9
384,15.278055906295776,15.267448000000002,223.4375,99.9
385,15.413908958435059,15.40322900000001,223.4375,99.9
386,15.549591064453125,15.538810000000012,223.4375,99.9
387,15.685787200927734,15.67489599999999,223.4375,99.9
388,15.821036100387573,15.810019000000011,223.4375,99.9
389,15.956532001495361,15.945405999999991,223.4375,99.9
390,16.094825983047485,16.083529,223.4375,99.9
391,16.229681253433228,16.218244,223.4375,99.9
392,16.38032102584839,16.368742999999995,223.4375,99.9
393,16.52996826171875,16.518281,223.4375,99.9
394,16.676560163497925,16.664789000000013,223.4375,99.9
395,16.814828157424927,16.802964000000003,223.4375,99.9
396,16.951004028320312,16.939031999999997,223.4375,99.9
397,17.1007080078125,17.088666999999987,223.4375,100.0
398,17.23755121231079,17.225398000000013,223.4375,99.9
399,17.375793933868408,17.363556999999986,223.4375,99.9
400,17.51103115081787,17.498694,223.4375,99.9
401,17.648339986801147,17.635817000000003,223.4375,99.9
402,17.785634994506836,17.772982000000013,223.4375,99.9
403,17.922929286956787,17.910149999999987,223.4375,99.9
404,18.059458017349243,18.04657900000001,223.4375,99.9
405,18.19308114051819,18.180092000000002,223.4375,99.9
406,18.33068013191223,18.317566999999997,223.4375,99.9
407,18.46634006500244,18.453070999999994,223.4375,99.9
408,18.61777091026306,18.604408000000006,223.4375,99.9
409,18.774440050125122,18.76094599999999,223.4375,99.9
410,18.92380118370056,18.910221000000007,223.4375,99.9
411,19.059569835662842,19.045862,223.4375,99.9
412,19.195605993270874,19.181771999999995,223.4375,99.9
413,19.33284616470337,19.31887499999999,223.4375,99.9
414,19.469120979309082,19.455101000000013,223.4375,100.0
415,19.644975185394287,19.630795000000006,223.4375,99.9
416,19.77543306350708,19.76119299999999,223.4375,100.0
417,19.904657125473022,19.89039199999999,223.4375,100.0
418,20.040837049484253,20.02645100000001,223.4375,99.9
419,20.178375005722046,20.16393500000001,223.4375,100.0
420,20.309587001800537,20.295071000000007,223.4375,99.9
421,20.444042921066284,20.429437000000007,223.4375,99.9
422,20.581210136413574,20.566471000000007,223.4375,99.9
423,20.7171471118927,20.702303999999998,223.4375,99.9
424,20.85155725479126,20.836599000000007,223.4375,99.9
425,20.98698115348816,20.971942000000013,223.4375,99.9
426,21.12330389022827,21.108180000000004,223.4375,99.9
427,21.133671045303345,21.11854600000001,223.4375,100.1
428,21.304140090942383,21.288937000000004,223.4375,100.0
429,21.440548181533813,21.42521400000001,223.4375,99.9
430,21.57779812812805,21.562365999999997,223.4375,99.9
431,21.72545886039734,21.709926999999993,223.4375,99.9
432,21.87897300720215,21.86333400000001,223.4375,99.9
433,22.016360998153687,22.000631999999996,223.4375,99.9
434,22.169617176055908,22.153768000000014,223.4375,99.9
435,22.30516505241394,22.289190999999988,223.4375,99.9
436,22.446680068969727,22.430603999999988,223.4375,99.9
437,22.59817123413086,22.582133,223.484375,100.0
438,22.746477127075195,22.730353000000008,223.484375,99.9
439,22.90649104118347,22.890215000000012,223.484375,99.9
440,23.043390035629272,23.02704,223.484375,99.9
441,23.054660081863403,23.03827799999999,223.5,99.9
442,23.18973708152771,23.173275999999987,223.5,99.9
443,23.329488039016724,23.312917999999996,223.5,99.9
444,23.471807956695557,23.45512500000001,223.5,99.9
445,23.483263969421387,23.46656999999999,223.5,99.9
446,23.61936902999878,23.602604000000014,223.5,99.9
447,23.773396968841553,23.756608999999997,223.5625,100.0
448,23.9113290309906,23.894416000000007,223.5625,99.9
449,24.0539710521698,24.036943000000008,223.5625,99.9
450,24.20671319961548,24.189312,223.5625,99.8
451,24.358875274658203,24.341365999999994,223.609375,99.9
452,24.494062185287476,24.476456000000013,223.609375,99.9
453,24.647506952285767,24.629796999999996,223.609375,99.9
454,24.80666494369507,24.78886700000001,223.609375,99.9
455,24.959872007369995,24.941970999999995,223.609375,99.9
456,25.10153603553772,25.083566999999988,223.609375,99.9
457,25.11345624923706,25.095560000000006,223.640625,100.6
458,25.25032901763916,25.232305999999994,223.640625,99.9
459,25.26415514945984,25.246126000000004,223.640625,100.0
460,25.279174089431763,25.261128000000014,223.640625,99.9
461,25.446372032165527,25.428215999999992,223.640625,99.9
462,25.656206130981445,25.637923999999998,223.640625,99.9
463,25.793450117111206,25.775051999999988,223.640625,99.9
464,25.806452989578247,25.78802300000001,223.640625,99.7
465,25.959808111190796,25.941257000000007,223.640625,99.9
466,26.10513210296631,26.08641,223.640625,99.9
467,26.116372108459473,26.097660999999988,223.640625,100.2
468,26.133552074432373,26.114822000000004,223.65625,99.8
469,26.148850917816162,26.130088999999998,223.65625,99.9
470,26.29969620704651,26.280775000000006,223.65625,99.9
471,26.313843965530396,26.294900000000013,223.65625,99.8
472,26.32982301712036,26.31086400000001,223.65625,99.9
473,26.478612899780273,26.459512999999987,223.65625,99.9
474,26.494697093963623,26.475549,223.65625,99.6
475,26.633373022079468,26.614126,223.65625,99.9
476,26.780449151992798,26.761128000000014,223.65625,100.0
477,26.935317039489746,26.91593499999999,223.71875,100.0
478,26.94714593887329,26.927755999999988,223.71875,100.0
479,27.113085985183716,27.093493999999993,223.71875,99.9
480,27.126996994018555,27.107398999999987,223.71875,99.9
481,27.273736000061035,27.253989999999988,223.71875,99.9
482,27.28913712501526,27.269375999999994,223.71875,99.8
483,27.45538902282715,27.435392000000007,223.71875,99.9
484,27.470997095108032,27.450976999999995,223.71875,99.8
485,27.61419105529785,27.59403499999999,223.71875,99.9
486,27.630548000335693,27.610386000000005,223.71875,100.0
487,27.763239860534668,27.74306999999999,223.71875,100.0
488,27.905027151107788,27.884761999999995,223.71875,99.9
489,27.91586709022522,27.89558600000001,223.71875,100.0
490,27.92656111717224,27.90626499999999,223.71875,99.8
491,28.080157041549683,28.059726000000012,223.71875,99.9
492,28.095474004745483,28.075029999999998,223.71875,100.0
493,28.111857891082764,28.091395000000006,223.71875,99.8
494,28.126705169677734,28.106234,223.71875,99.9
495,28.261913061141968,28.241277999999994,223.71875,99.9
496,28.407982110977173,28.38724400000001,223.71875,99.9
497,28.5404851436615,28.519783999999987,223.734375,100.0
498,28.558427810668945,28.537712999999997,223.734375,99.9
499,28.575474977493286,28.554745999999994,223.734375,99.9
500,28.587841033935547,28.567093,223.734375,99.8
501,28.6060950756073,28.585339000000005,223.734375,100.0
502,28.61755108833313,28.596794999999986,223.734375,100.0
503,28.6287579536438,28.608002,223.734375,99.9
504,28.63796615600586,28.617194000000012,223.734375,99.8
505,28.653300046920776,28.63250400000001,223.734375,99.9
506,28.670357942581177,28.649547000000013,223.734375,99.8
507,28.691306114196777,28.67058,223.765625,100.4
508,28.701714038848877,28.680981000000003,223.765625,100.0
509,28.712811946868896,28.692080000000004,223.765625,100.0
510,28.849131107330322,28.82829799999999,223.765625,99.9
511,28.86146092414856,28.840621999999996,223.765625,99.8
512,28.886455059051514,28.865601999999996,223.765625,100.0
513,28.901273012161255,28.880404999999996,223.765625,99.9
514,28.916579008102417,28.895710000000008,223.765625,100.0
515,29.0500271320343,29.029055,223.765625,99.9
516,29.06163716316223,29.040650999999997,223.765625,99.9
517,29.07561707496643,29.054674000000006,223.765625,100.2
518,29.091365098953247,29.070401000000004,223.765625,99.9
519,29.228904962539673,29.207866999999993,223.765625,99.9
520,29.240790128707886,29.219738000000007,223.765625,99.9
521,29.25392198562622,29.232854000000003,223.78125,99.8
522,29.26607322692871,29.24499399999999,223.78125,100.0
523,29.39875292778015,29.377599000000004,223.78125,99.9
524,29.539581060409546,29.518320999999986,223.78125,99.9
525,29.683300018310547,29.661876000000007,223.78125,99.9
526,29.699368953704834,29.677931,223.78125,99.8
527,29.711233139038086,29.689885000000004,223.796875,100.8
528,29.725040197372437,29.703677,223.796875,99.9
529,29.73548698425293,29.714123,223.796875,100.0
530,29.745585918426514,29.72420600000001,223.796875,100.0
531,29.760472059249878,29.739079000000004,223.796875,99.9
532,29.77960205078125,29.758190000000013,223.796875,99.9
533,29.79201889038086,29.770582999999988,223.796875,99.8
534,29.806552171707153,29.785100999999997,223.796875,100.0
535,29.818679094314575,29.797213,223.796875,99.8
536,29.829265832901,29.807799999999986,223.796875,100.0
537,29.842125177383423,29.820752999999996,223.796875,100.8
538,29.976372003555298,29.954872999999992,223.796875,99.9
539,29.987388134002686,29.965888000000007,223.796875,100.0
540,30.124227046966553,30.10257899999999,223.796875,99.9
541,30.27107882499695,30.249371999999994,223.796875,100.0
542,30.406813859939575,30.385016000000007,223.796875,99.9
543,30.543339014053345,30.521467,223.796875,99.9
544,30.55510401725769,30.533217000000008,223.796875,100.0
545,30.566730976104736,30.544844000000012,223.796875,99.9
546,30.58505916595459,30.563154999999995,223.796875,99.9
547,30.724356174468994,30.702402000000006,223.8125,100.0
548,30.865133047103882,30.843095000000005,223.8125,99.9
549,31.006190061569214,30.984083999999996,223.8125,100.0
550,31.16369318962097,31.14150699999999,223.8125,99.9
551,31.299083948135376,31.276790000000005,223.8125,99.9
552,31.31038212776184,31.288074999999992,223.8125,99.8
553,31.464675188064575,31.44224700000001,223.8125,99.9
554,31.479708909988403,31.457258999999993,223.8125,99.8
555,31.643553972244263,31.621013000000005,223.8125,100.0
556,31.664742946624756,31.642158999999992,223.8125,99.8
557,31.805483102798462,31.782916999999998,223.8125,100.0
558,31.94349694252014,31.920828999999998,223.8125,99.9
559,32.07854700088501,32.05576199999999,223.8125,99.9
560,32.22147297859192,32.19854000000001,223.8125,99.9
561,32.233397006988525,32.21046000000001,223.8125,99.9
562,32.37373995780945,32.35068100000001,223.8125,99.9
563,32.52009391784668,32.49691899999999,223.8125,99.9
564,32.53707504272461,32.51388499999999,223.8125,99.9
565,32.67283821105957,32.649579999999986,223.8125,100.0
566,32.82334303855896,32.799972,223.8125,99.9
567,32.838659048080444,32.81539699999999,223.8125,100.7
568,32.85041308403015,32.82714300000001,223.8125,100.0
569,32.985398054122925,32.96206000000001,223.8125,99.9
570,33.1414430141449,33.117970000000014,223.8125,99.9
571,33.289715051651,33.26614799999999,223.8125,99.9
572,33.30039405822754,33.27681000000001,223.8125,99.8
573,33.43898606300354,33.41527300000001,223.8125,99.9
574,33.45177602767944,33.428055,223.8125,100.0
575,33.46703910827637,33.44330600000001,223.8125,99.9
576,33.600099086761475,33.576257999999996,223.8125,99.9
577,33.74042224884033,33.716545999999994,223.8125,100.0
578,33.881829023361206,33.857901999999996,223.8125,100.0
579,34.01654815673828,33.99254400000001,223.8125,99.9
580,34.156522035598755,34.13240300000001,223.8125,99.9
581,34.17238807678223,34.14825099999999,223.8125,99.9
582,34.310951948165894,34.286619,223.8125,99.9
583,34.448513984680176,34.423978000000005,223.8125,99.9
584,34.459896087646484,34.435348000000005,223.8125,100.0
585,34.61192607879639,34.58688799999999,223.8125,99.7
586,34.756208181381226,34.73102,223.8125,100.0
587,34.78210711479187,34.75699599999999,223.8125,100.4
588,34.960060834884644,34.934695000000005,223.8125,99.9
589,34.970338106155396,34.94495900000001,223.8125,99.9
590,34.97701716423035,34.95163400000001,223.8125,99.9
591,34.98674416542053,34.96134000000001,223.8125,100.0
592,34.993107080459595,34.96769900000001,223.8125,99.8
593,35.00180506706238,34.97637900000001,223.8125,100.0
594,35.0106098651886,34.985164,223.8125,99.8
595,35.14867806434631,35.123075,223.8125,99.9
596,35.31385016441345,35.288027,223.8125,99.9
597,35.3407940864563,35.315011,223.8125,100.2
598,35.35765194892883,35.33181300000001,223.8125,99.7
599,35.371050119400024,35.34519,223.8125,99.9
600,35.39077615737915,35.36489900000001,223.8125,100.0
601,35.40235495567322,35.376462000000004,223.8125,100.0
602,35.41355609893799,35.38764699999999,223.8125,99.9
603,35.42373514175415,35.397819,223.8125,100.0
604,35.43545603752136,35.409524000000005,223.8125,99.9
605,35.448501110076904,35.42255499999999,223.8125,100.0
606,35.46890902519226,35.44293200000001,223.8125,99.9
607,35.47943902015686,35.45345499999999,223.8125,100.0
608,35.4918110370636,35.46581599999999,223.8125,100.0
609,35.51149010658264,35.48546400000001,223.8125,99.8
610,35.52509808540344,35.49905699999999,223.8125,100.0
611,35.54602384567261,35.519958,223.8125,99.9
612,35.691964864730835,35.66571099999999,223.8125,99.9
613,35.832700967788696,35.806274,223.8125,99.9
614,35.97241020202637,35.94577000000001,223.8125,99.9
615,35.98421597480774,35.95756900000001,223.8125,100.0
616,35.996893882751465,35.97023899999999,223.8125,100.1
617,36.01054525375366,35.983869,223.8125,99.8
618,36.033488035202026,36.00679099999999,223.8125,99.9
619,36.16696906089783,36.14009300000001,223.8125,99.9
620,36.1791090965271,36.15221199999999,223.8125,99.9
621,36.31694316864014,36.289885999999996,223.8125,99.9
622,36.327590227127075,36.300521,223.8125,99.9
623,36.46545100212097,36.438221,223.8125,99.9
624,36.47675800323486,36.449509000000006,223.8125,99.9
625,36.493635177612305,36.466375,223.8125,100.0
626,36.50328302383423,36.47600299999999,223.8125,99.8
627,36.51427602767944,36.486975,223.8125,99.8
628,36.524308919906616,36.49699699999999,223.8125,100.0
629,36.540055990219116,36.512733999999995,223.828125,99.9
630,36.5529580116272,36.52561399999999,223.828125,99.9
631,36.56405305862427,36.53666200000001,223.828125,99.6
632,36.574920892715454,36.547516,223.828125,99.9
633,36.59201407432556,36.564595,223.828125,100.0
634,36.723402976989746,36.69587200000001,223.828125,100.0
635,36.73790693283081,36.710361999999975,223.828125,100.0
636,36.752060890197754,36.72450199999997,223.828125,100.0
637,36.76346492767334,36.735892999999976,223.828125,99.9
638,36.7822380065918,36.754639999999995,223.828125,100.0
639,36.793840169906616,36.76623699999999,223.828125,100.0
640,36.80400109291077,36.776373999999976,223.828125,99.8
641,36.81664204597473,36.789000999999985,223.828125,100.0
642,36.99424409866333,36.966387999999995,223.828125,99.9
643,37.0063259601593,36.97845899999999,223.828125,99.9
644,37.01927304267883,36.9914,223.828125,100.0
645,37.031862020492554,37.00395900000001,223.828125,99.7
646,37.047094106674194,37.019183,223.828125,100.0
647,37.06540107727051,37.03746100000001,223.828125,99.8
648,37.07646584510803,37.048519,223.828125,100.0
649,37.08850812911987,37.06055500000002,223.828125,100.0
650,37.09918403625488,37.071214,223.828125,100.0
651,37.1226749420166,37.09466600000002,223.828125,99.8
652,37.134637117385864,37.106622000000016,223.828125,100.0
653,37.146812200546265,37.118784000000005,223.828125,99.9
654,37.28469514846802,37.256501000000014,223.828125,99.9
655,37.29650616645813,37.26830100000001,223.828125,99.9
656,37.31228303909302,37.28406000000001,223.828125,99.9
657,37.32597208023071,37.29772400000002,223.828125,100.0
658,37.337478160858154,37.30921000000001,223.828125,99.8
659,37.357372999191284,37.329083000000026,223.828125,100.0
660,37.49613809585571,37.467678999999976,223.828125,99.9
661,37.51301193237305,37.484523000000024,223.828125,99.9
662,37.5258469581604,37.49733900000001,223.828125,99.9
663,37.53872299194336,37.510193000000015,223.828125,99.8
664,37.54973220825195,37.521195999999975,223.828125,100.0
665,37.56686305999756,37.53831500000001,223.828125,100.0
666,37.58442497253418,37.55585400000001,223.828125,99.9
667,37.59586501121521,37.567278999999985,223.828125,99.9
668,37.60642719268799,37.577830000000006,223.828125,99.9
669,37.62180519104004,37.59318400000001,223.828125,99.9
670,37.76551914215088,37.73672699999997,223.828125,99.9
671,37.77461290359497,37.74581599999999,223.828125,100.0
672,37.78540325164795,37.75658600000003,223.828125,99.9
673,37.797712087631226,37.76889,223.828125,100.0
674,37.806416034698486,37.777589999999975,223.828125,99.8
675,37.94601607322693,37.91702099999998,223.828125,99.9
676,37.95561408996582,37.92660799999999,223.828125,100.0
677,38.09941005706787,38.07024000000001,223.828125,99.9
678,38.11333608627319,38.08415200000002,223.828125,99.9
679,38.12704682350159,38.097842000000014,223.828125,99.9
680,38.138087034225464,38.10886199999999,223.828125,100.0
681,38.15033292770386,38.12110100000001,223.828125,99.9
682,38.16710186004639,38.13784900000002,223.828125,99.9
683,38.32124996185303,38.291848000000016,223.828125,99.9
684,38.33991289138794,38.31048700000002,223.828125,99.9
685,38.35320806503296,38.32375999999999,223.828125,100.0
686,38.36935305595398,38.339879999999994,223.828125,99.9
687,38.38852620124817,38.359020999999984,223.828125,99.8
688,38.39969992637634,38.37018699999999,223.828125,100.1
689,38.42029595375061,38.39076899999998,223.828125,100.0
690,38.554203271865845,38.524541,223.828125,99.9
691,38.579814195632935,38.55011999999999,223.828125,99.9
692,38.588449001312256,38.55874799999998,223.828125,100.0
693,38.606359004974365,38.57663400000001,223.828125,99.9
694,38.616716146469116,38.586978999999985,223.828125,99.9
695,38.62818789482117,38.59842900000001,223.828125,99.9
696,38.638795137405396,38.609031000000016,223.828125,100.0
697,38.77769184112549,38.747749999999996,223.828125,99.9
698,38.78875803947449,38.758804999999995,223.828125,99.9
699,38.80254793167114,38.772581,223.828125,100.0
700,38.81722593307495,38.78723100000002,223.828125,99.8
701,38.82984900474548,38.799833999999976,223.828125,99.9
702,38.84356617927551,38.813544999999976,223.828125,99.9
703,38.85432195663452,38.82428399999998,223.828125,99.9
704,38.8705780506134,38.84052700000001,223.828125,100.1
705,38.88193416595459,38.851856,223.828125,99.7
706,38.89285612106323,38.862773000000004,223.828125,100.1
707,38.911051988601685,38.88095299999998,223.828125,99.9
708,38.92908310890198,38.89897100000002,223.828125,100.0
709,38.94487190246582,38.914747999999975,223.828125,100.0
710,38.95769023895264,38.927553999999986,223.828125,99.9
711,38.96968698501587,38.939535999999976,223.828125,99.9
712,39.10509896278381,39.074798999999985,223.828125,99.9
713,39.119280099868774,39.08896800000002,223.828125,100.0
714,39.12698698043823,39.096663999999976,223.828125,99.8
715,39.13528490066528,39.10495100000003,223.828125,100.0
716,39.27665996551514,39.246170000000006,223.828125,99.9
717,39.29392910003662,39.263413000000014,223.828125,99.9
718,39.306512117385864,39.275983999999994,223.828125,100.0
719,39.31806516647339,39.287532,223.828125,100.0
720,39.3298602104187,39.299305000000004,223.828125,99.8
721,39.342418909072876,39.31184200000001,223.828125,99.9
722,39.35245323181152,39.32185800000002,223.828125,99.8
723,39.36982703208923,39.33922100000001,223.828125,99.9
724,39.377976179122925,39.34736600000002,223.828125,100.1
725,39.39092302322388,39.36030099999999,223.828125,99.9
726,39.410918951034546,39.380289000000005,223.828125,100.0
727,39.55278420448303,39.52198299999998,223.828125,99.9
728,39.56660199165344,39.53578199999998,223.828125,99.9
729,39.57931709289551,39.54849200000001,223.828125,100.0
730,39.60021924972534,39.569368999999995,223.828125,99.9
731,39.612826108932495,39.58196600000002,223.828125,100.0
732,39.62423610687256,39.593365000000006,223.828125,100.0
733,39.633363008499146,39.602487999999994,223.828125,99.9
734,39.64401721954346,39.61312400000003,223.828125,99.9
735,39.66218709945679,39.631349,223.828125,100.4
736,39.80114006996155,39.77011599999997,223.828125,99.9
737,39.82196092605591,39.79091299999999,223.828125,99.9
738,39.840933084487915,39.809867,223.828125,100.0
739,39.99709486961365,39.965840000000014,223.828125,99.9
740,40.00968599319458,39.978410999999994,223.828125,100.0
741,40.02355718612671,39.992268000000024,223.828125,99.9
742,40.03434896469116,40.00304,223.828125,99.8
743,40.05599522590637,40.02465699999999,223.828125,99.9
744,40.195823192596436,40.164368000000024,223.828125,100.0
745,40.334912061691284,40.30336599999998,223.828125,100.0
746,40.343528032302856,40.311976000000016,223.828125,99.9
747,40.48441696166992,40.452721,223.828125,99.9
748,40.4972128868103,40.46549599999997,223.828125,99.9
749,40.63703012466431,40.60517599999997,223.828125,99.9
750,40.64738726615906,40.615522,223.828125,99.9
751,40.65850210189819,40.626626999999985,223.828125,99.9
752,40.671096086502075,40.63920000000002,223.828125,100.0
753,40.68703627586365,40.655125999999996,223.828125,100.0
754,40.6992449760437,40.66732999999999,223.828125,99.9
755,40.719099044799805,40.687276999999995,223.828125,100.5
756,40.73720192909241,40.70536299999998,223.828125,100.0
757,40.75949311256409,40.72762,223.828125,99.9
758,40.77095103263855,40.73906499999998,223.828125,99.9
759,40.90734505653381,40.87533000000002,223.828125,100.0
760,41.04928803443909,41.01713000000001,223.828125,99.9
761,41.06287598609924,41.03070100000002,223.828125,99.9
762,41.074110984802246,41.041916000000015,223.828125,99.8
763,41.085278034210205,41.053068999999994,223.828125,99.9
764,41.21979594230652,41.18749600000001,223.828125,100.0
765,41.22996711730957,41.197712000000024,223.828125,100.4
766,41.238056898117065,41.20579099999998,223.828125,99.9
767,41.24846410751343,41.216188999999986,223.828125,99.8
768,41.39051008224487,41.358101999999974,223.828125,99.9
769,41.399439096450806,41.36702300000002,223.828125,100.0
770,41.409717082977295,41.377291000000014,223.828125,99.9
771,41.54176998138428,41.50926900000002,223.828125,100.0
772,41.55097007751465,41.51846599999999,223.828125,100.0
773,41.68101501464844,41.64846499999999,223.828125,100.0
774,41.688873052597046,41.656318,223.828125,100.1
775,41.704288959503174,41.67180400000001,223.828125,100.4
776,41.71317505836487,41.68068699999998,223.828125,100.1
777,41.83633518218994,41.80380200000002,223.828125,100.0
778,41.8449809551239,41.81244600000002,223.828125,100.0
779,41.858752965927124,41.826212999999996,223.828125,100.0
780,41.98812484741211,41.955528000000015,223.828125,100.0
781,41.99774694442749,41.965146000000004,223.828125,100.0
782,42.00844120979309,41.975836000000015,223.828125,100.0
783,42.12885308265686,42.096186999999986,223.828125,100.0
784,42.13842296600342,42.105751999999995,223.828125,100.1
785,42.14771509170532,42.11513100000002,223.828125,101.0
786,42.16838192939758,42.13579199999998,223.828125,100.0
787,42.17770600318909,42.145110999999986,223.828125,100.0
788,42.18601107597351,42.153413,223.828125,99.9
789,42.19469499588013,42.162094000000025,223.828125,100.0
790,42.203680992126465,42.171077000000025,223.828125,99.9
791,42.211830139160156,42.17922299999998,223.828125,99.9
792,42.22008204460144,42.18747300000001,223.828125,100.0
793,42.229570150375366,42.196956,223.828125,100.1
794,42.34768319129944,42.31502999999998,223.828125,100.0
795,42.35700702667236,42.32444099999998,223.84375,100.8
796,42.366403102874756,42.333822999999995,223.84375,99.8
797,42.3758749961853,42.34329300000002,223.84375,100.1
798,42.384801149368286,42.35221200000001,223.84375,100.0
799,42.39478397369385,42.36219399999999,223.84375,100.0
800,42.40524697303772,42.37265100000002,223.84375,100.0
801,42.55798101425171,42.525334999999984,223.84375,100.0
802,42.68833804130554,42.65564599999999,223.84375,100.0
803,42.81490612030029,42.782171000000005,223.84375,100.0
804,42.82335686683655,42.79061899999999,223.84375,99.9
805,42.8364360332489,42.80386199999998,223.84375,101.3
806,42.84592318534851,42.81334500000003,223.84375,100.1
807,42.85534405708313,42.82276400000001,223.84375,99.9
808,42.86425495147705,42.83167099999997,223.84375,100.0
809,42.87341809272766,42.84083199999998,223.84375,100.1
810,42.88306403160095,42.85047400000002,223.84375,99.9
811,42.89391899108887,42.86132500000002,223.84375,100.0
812,42.90318417549133,42.870587,223.84375,100.0
813,42.91227102279663,42.879669999999976,223.84375,100.0
814,42.92060112953186,42.88799799999998,223.84375,99.9
815,42.93224287033081,42.89978000000002,223.84375,101.3
816,42.94050884246826,42.90804300000002,223.84375,100.1
817,42.94971013069153,42.91723999999999,223.84375,99.9
818,43.066604137420654,43.03408400000001,223.84375,100.0
819,43.075329065322876,43.042805999999985,223.84375,100.0
820,43.08506107330322,43.05253399999998,223.84375,100.0
821,43.21156191825867,43.17899399999999,223.84375,100.0
822,43.2216420173645,43.189070000000015,223.84375,100.0
823,43.23156714439392,43.19899299999997,223.84375,100.1
824,43.24059700965881,43.208023000000026,223.84375,99.9
825,43.250837087631226,43.21837199999999,223.84375,101.2
826,43.260141134262085,43.22767299999998,223.84375,100.0
827,43.270437240600586,43.237964999999974,223.84375,99.9
828,43.27996206283569,43.24748699999998,223.84375,100.0
829,43.28951716423035,43.25703900000002,223.84375,100.0
830,43.30001616477966,43.26753400000001,223.84375,100.0
831,43.31072807312012,43.278242999999975,223.84375,100.0
832,43.320303201675415,43.28781500000002,223.84375,100.0
833,43.330276012420654,43.297784999999976,223.84375,100.1
834,43.33968114852905,43.307187,223.84375,100.0
835,43.35416507720947,43.32176099999998,223.84375,100.6
836,43.36217713356018,43.329768,223.84375,100.1
837,43.37530303001404,43.34289000000001,223.84375,100.0
838,43.38470911979675,43.352292999999975,223.859375,100.0
839,43.394832134246826,43.362412000000006,223.859375,99.9
840,43.40383696556091,43.371418000000006,223.859375,100.0
841,43.41310119628906,43.380675,223.859375,100.0
842,43.420902252197266,43.388473999999974,223.859375,100.0
843,43.4334032535553,43.40097100000003,223.859375,100.0
844,43.441553831100464,43.409118999999976,223.859375,100.1
845,43.45328617095947,43.42094400000002,223.875,100.9
846,43.462064266204834,43.429708000000005,223.875,99.8
847,43.58919405937195,43.556798000000015,223.875,100.0
848,43.59969782829285,43.567297999999994,223.875,100.0
849,43.722628116607666,43.690188999999975,223.875,100.0
850,43.73260426521301,43.70016099999998,223.875,100.0
851,43.74286508560181,43.710419,223.875,100.1
852,43.753220081329346,43.72077100000001,223.875,99.9
853,43.92325305938721,43.89072199999998,223.875,100.0
854,43.933550119400024,43.901017000000024,223.875,99.9
855,43.9430992603302,43.91065500000002,223.875,101.1
856,43.952431201934814,43.919984,223.875,100.0
857,43.961552143096924,43.929101,223.875,99.9
858,43.973854064941406,43.94139999999999,223.875,100.0
859,43.98338198661804,43.95092599999998,223.875,100.1
860,43.993032932281494,43.96057300000001,223.875,100.0
861,44.00473999977112,43.97227600000002,223.875,100.0
862,44.01461100578308,43.98214300000001,223.875,100.0
863,44.02744698524475,43.994978,223.875,100.0
864,44.15452599525452,44.122007999999994,223.875,100.0
865,44.164268016815186,44.13182599999999,223.875,100.8
866,44.310781955718994,44.27829600000001,223.875,100.0
867,44.32112216949463,44.28862600000002,223.875,99.9
868,44.44339418411255,44.41086200000001,223.875,100.0
869,44.45366716384888,44.421133,223.875,100.1
870,44.59963321685791,44.56705499999998,223.875,100.0
871,44.725024938583374,44.69239900000002,223.875,100.0
872,44.736242055892944,44.70360299999999,223.875,99.8
873,44.7481369972229,44.715494999999976,223.875,100.0
874,44.7583749294281,44.725728000000004,223.875,100.1
875,44.76909017562866,44.73658899999998,223.875,101.3
876,44.779382944107056,44.74688099999997,223.875,100.1
877,44.790810108184814,44.758302000000015,223.875,100.0
878,44.80823802947998,44.77572700000002,223.875,100.0
879,44.81898498535156,44.786463000000026,223.875,99.8
880,44.82806611061096,44.79554400000001,223.875,100.1
881,44.972965240478516,44.94038699999999,223.875,100.0
882,44.98259091377258,44.95000700000003,223.875,100.0
883,44.99265193939209,44.960064999999986,223.875,100.0
884,45.00316309928894,44.970572000000004,223.875,100.0
885,45.01265215873718,44.980200000000025,223.875,101.4
886,45.02075815200806,44.988301999999976,223.875,100.1
887,45.15595006942749,45.12345800000003,223.875,100.0
888,45.16494417190552,45.13244900000001,223.875,100.1
889,45.290359020233154,45.25782600000002,223.875,100.0
890,45.30004811286926,45.26751100000001,223.875,99.8
891,45.30902719497681,45.276486999999975,223.875,100.1
892,45.31932711601257,45.28678500000001,223.875,100.0
893,45.44456195831299,45.411978999999974,223.875,100.0
894,45.452911138534546,45.42032599999999,223.875,100.0
895,45.463813066482544,45.43134900000001,223.875,101.2
896,45.4749960899353,45.44252899999998,223.875,100.0
897,45.48523211479187,45.452765,223.875,99.9
898,45.49455404281616,45.46208200000001,223.875,100.0
899,45.65226125717163,45.619651999999974,223.875,99.9
900,45.66178107261658,45.62916899999999,223.875,100.0
901,45.671502113342285,45.638889000000006,223.875,99.9
902,45.68135714530945,45.64874099999997,223.875,100.1
903,45.69284701347351,45.660263999999984,223.875,100.4
904,45.70291519165039,45.67032899999998,223.875,100.0
905,45.72251224517822,45.68990100000002,223.875,99.9
906,45.73211216926575,45.69950299999999,223.875,99.9
907,45.740599155426025,45.707982000000015,223.875,100.1
908,45.750800132751465,45.71818300000001,223.875,99.9
909,45.88120126724243,45.848524999999995,223.875,100.0
910,45.89691209793091,45.86423100000002,223.875,100.0
911,46.024182081222534,45.991484000000014,223.875,100.0
912,46.149219036102295,46.11647399999998,223.875,100.0
913,46.15690898895264,46.124161000000015,223.875,99.9
914,46.29960918426514,46.26682699999998,223.875,100.0
915,46.30932092666626,46.276535000000024,223.875,100.0
916,46.31960391998291,46.28681399999999,223.890625,99.9
917,46.32939004898071,46.29660000000001,223.890625,100.0
918,46.45269989967346,46.41986600000001,223.890625,100.0
919,46.46408128738403,46.431265999999994,223.890625,100.2
920,46.477598905563354,46.44477999999998,223.890625,100.0
921,46.60901498794556,46.57616100000001,223.890625,100.0
922,46.61970400810242,46.586847999999975,223.890625,100.0
923,46.759658098220825,46.726763000000005,223.890625,100.0
924,46.76924395561218,46.73634500000003,223.890625,100.1
925,46.77953791618347,46.746636000000024,223.890625,100.0
926,46.788674116134644,46.75577099999998,223.890625,100.1
927,46.916686058044434,46.88376899999997,223.890625,100.0
928,47.04236602783203,47.00941499999999,223.890625,100.0
929,47.052489042282104,47.019536000000016,223.890625,100.0
930,47.061599016189575,47.02864299999999,223.890625,100.0
931,47.07006788253784,47.03710899999999,223.890625,100.0
932,47.07948422431946,47.04652599999997,223.890625,100.1
933,47.08996820449829,47.057004000000006,223.890625,100.0
934,47.09933805465698,47.066372,223.890625,100.0
935,47.22816205024719,47.195175000000006,223.890625,100.0
936,47.351924896240234,47.318876999999986,223.890625,100.0
937,47.47918891906738,47.44611099999997,223.890625,100.0
938,47.603774070739746,47.57064700000001,223.890625,100.0
939,47.61851215362549,47.585380999999984,223.890625,100.0
940,47.743242025375366,47.710068999999976,223.890625,100.0
941,47.755244970321655,47.722068999999976,223.890625,99.9
942,47.765109062194824,47.73193199999997,223.890625,100.1
943,47.78143620491028,47.74828500000001,223.90625,100.2
944,47.791008949279785,47.757856000000004,223.90625,100.0
945,47.800363063812256,47.767206999999985,223.90625,99.9
946,47.80949401855469,47.776336000000015,223.90625,99.9
947,47.81898021697998,47.78582,223.90625,100.1
948,47.830726146698,47.79756200000003,223.90625,100.0
949,47.84021306037903,47.807046000000014,223.90625,100.0
950,47.849798917770386,47.816633000000024,223.90625,100.0
951,47.97846508026123,47.94529499999999,223.90625,100.0
952,47.991901874542236,47.95872000000003,223.90625,99.9
953,48.022011041641235,47.98882400000002,223.90625,100.1
954,48.03192400932312,47.998733000000016,223.90625,99.9
955,48.04149413108826,48.00830100000002,223.90625,100.0
956,48.1638081073761,48.13057900000001,223.90625,100.0
957,48.30100703239441,48.26774599999999,223.90625,100.0
958,48.447579860687256,48.41428400000001,223.90625,100.0
959,48.462944984436035,48.42967299999998,223.90625,100.2
960,48.47393608093262,48.44066099999998,223.90625,100.1
961,48.643980979919434,48.61064699999997,223.90625,100.0
962,48.65459418296814,48.62126000000001,223.90625,100.0
963,48.66403102874756,48.630694000000005,223.90625,99.9
964,48.675240993499756,48.641902000000016,223.90625,100.0
965,48.690988063812256,48.657644000000005,223.90625,100.0
966,48.70124411582947,48.66789799999998,223.90625,99.9
967,48.71209692955017,48.67877299999998,223.90625,100.3
968,48.86263298988342,48.829273,223.90625,100.0
969,48.873470067977905,48.84010799999999,223.90625,100.0
970,48.88446307182312,48.85109799999998,223.90625,100.0
971,48.8934850692749,48.86011000000002,223.90625,99.9
972,48.9023962020874,48.86901999999998,223.90625,100.0
973,48.91312909126282,48.879751,223.90625,100.0
974,48.92297124862671,48.889590999999996,223.90625,100.1
975,48.9351019859314,48.90175199999999,223.921875,100.3
976,48.94646096229553,48.91310900000002,223.921875,99.9
977,49.06960320472717,49.03619200000003,223.921875,100.0
978,49.080641984939575,49.047229000000016,223.921875,99.9
979,49.09030294418335,49.056888000000015,223.921875,100.1
980,49.10099196434021,49.067571999999984,223.921875,100.0
981,49.11126089096069,49.07784099999998,223.921875,99.9
982,49.120415925979614,49.08699300000001,223.921875,100.1
983,49.133190870285034,49.09978899999999,224.09375,100.2
984,49.14488387107849,49.11147299999999,224.109375,100.0
985,49.157058000564575,49.123643000000015,224.109375,99.9
986,49.16723704338074,49.133820000000014,224.109375,100.0
987,49.31053304672241,49.27705300000002,224.109375,100.0
988,49.3204619884491,49.286978999999974,224.109375,100.0
989,49.329330921173096,49.29584699999998,224.109375,99.9
990,49.34881782531738,49.31532800000002,224.109375,100.0
991,49.4857280254364,49.45221600000002,224.125,100.0
992,49.61623501777649,49.582695,224.125,100.0
993,49.62551808357239,49.59197599999999,224.125,99.9
994,49.63433003425598,49.60078600000003,224.125,100.1
995,49.78512787818909,49.751532,224.125,100.0
996,49.80205488204956,49.768456000000015,224.125,100.0
997,49.92713117599487,49.893505000000005,224.125,100.0
998,50.05306124687195,50.01939399999998,224.125,100.0
999,50.06482410430908,50.031183,224.125,100.3
1000,50.07370710372925,50.040062999999975,224.125,99.9
1001,50.084166049957275,50.050516000000016,224.125,100.0
1002,50.0936861038208,50.06003500000003,224.125,100.0
1003,50.10393214225769,50.07027900000003,224.125,100.0
1004,50.11270499229431,50.079049999999995,224.125,100.1
1005,50.262744188308716,50.22907600000002,224.125,100.0
1006,50.39181900024414,50.35811100000001,224.125,100.0
1007,50.520861864089966,50.48722299999997,224.09375,100.1
1008,50.67500591278076,50.641335000000026,224.09375,100.0
1009,50.68453407287598,50.65086100000002,224.09375,100.0
1010,50.6949188709259,50.66124400000001,224.09375,100.0
1011,50.82273888587952,50.78902499999998,224.09375,100.0
1012,50.95641016960144,50.92267099999998,224.09375,100.0
1013,50.96641302108765,50.932668999999976,224.09375,100.0
1014,51.09541916847229,51.061642000000006,224.09375,100.0
1015,51.10698914527893,51.073234000000014,224.09375,100.2
1016,51.11652207374573,51.082764999999995,224.09375,99.9
1017,51.12525010108948,51.09149000000002,224.09375,100.1
1018,51.136078119277954,51.10231700000003,224.09375,100.0
1019,51.14640522003174,51.112640999999996,224.09375,100.0
1020,51.15633416175842,51.122568,224.09375,100.0
1021,51.16726207733154,51.133493999999985,224.09375,100.1
1022,51.17781400680542,51.14404400000001,224.09375,100.0
1023,51.3067581653595,51.272963000000004,224.09375,100.0
1024,51.315794944763184,51.28199799999999,224.09375,100.0
1025,51.324302196502686,51.290503,224.09375,100.1
1026,51.45331311225891,51.41948500000001,224.09375,100.0
1027,51.58065319061279,51.546805000000006,224.09375,100.0
1028,51.70611310005188,51.672236,224.09375,100.0
1029,51.7155020236969,51.681622000000004,224.09375,100.1
1030,51.7240891456604,51.690207999999984,224.09375,100.0
1031,51.73335909843445,51.699477,224.09375,99.9
1032,51.74416899681091,51.710284,224.09375,100.0
1033,51.756664991378784,51.722849,224.09375,100.5
1034,51.76662802696228,51.73280999999997,224.09375,100.0
1035,51.896870851516724,51.863021,224.09375,100.0
1036,51.907087087631226,51.873234000000025,224.09375,100.0
1037,51.91806697845459,51.88421199999999,224.09375,100.1
1038,51.92717504501343,51.89331800000002,224.09375,99.8
1039,51.935986042022705,51.902128000000005,224.09375,100.0
1040,51.94525408744812,51.91139399999997,224.09375,100.1
1041,52.069881200790405,52.03599700000001,224.09375,100.0
1042,52.07954406738281,52.045657000000006,224.09375,99.9
1043,52.0892059803009,52.055409999999995,224.109375,101.1
1044,52.09888315200806,52.06508500000001,224.109375,99.9
1045,52.23695516586304,52.203115000000025,224.109375,100.0
1046,52.36451315879822,52.330652999999984,224.109375,100.0
1047,52.38086915016174,52.34700299999997,224.109375,99.9
1048,52.3900101184845,52.35614199999998,224.109375,100.1
1049,52.51805806159973,52.48415699999998,224.109375,100.0
1050,52.64498209953308,52.61105700000002,224.109375,100.0
1051,52.77340006828308,52.73944,224.109375,100.0
1052,52.898768186569214,52.86478599999998,224.109375,100.0
1053,52.91015601158142,52.876262999999994,224.125,100.9
1054,53.03553795814514,53.001622999999995,224.125,100.0
1055,53.162156105041504,53.128206999999975,224.125,100.0
1056,53.179458141326904,53.145509000000004,224.125,100.0
1057,53.19172406196594,53.157771000000025,224.125,100.0
1058,53.31924819946289,53.28527200000002,224.125,100.0
1059,53.44504117965698,53.411044000000004,224.125,100.0
1060,53.57077097892761,53.536743,224.125,100.0
1061,53.58822822570801,53.55419599999999,224.125,99.9
1062,53.598581075668335,53.564548,224.125,100.0
1063,53.61020588874817,53.576246000000026,224.171875,100.6
1064,53.622588872909546,53.588626999999974,224.171875,100.1
1065,53.75378203392029,53.719798000000026,224.171875,100.0
1066,53.878495931625366,53.844492,224.171875,100.0
1067,53.88778805732727,53.853781000000026,224.171875,100.0
1068,54.029425859451294,53.99539199999998,224.171875,100.0
1069,54.15048909187317,54.11643099999998,224.171875,100.0
1070,54.15961217880249,54.12555200000003,224.171875,99.9
1071,54.16793704032898,54.13387599999999,224.171875,100.0
1072,54.177648067474365,54.14358499999997,224.171875,100.0
1073,54.30360007286072,54.26959499999998,224.171875,100.1
1074,54.31984519958496,54.285837000000015,224.171875,100.0
1075,54.328001976013184,54.29399699999999,224.171875,100.0
1076,54.34790301322937,54.313890000000015,224.171875,100.0
1077,54.357353925704956,54.323338999999976,224.171875,100.1
1078,54.36504125595093,54.33102600000001,224.171875,100.0
1079,54.48975992202759,54.45571799999999,224.171875,100.0
1080,54.49894309043884,54.464901,224.171875,100.1
1081,54.5084228515625,54.474379,224.171875,100.1
1082,54.51839208602905,54.48434800000001,224.171875,99.9
1083,54.53420114517212,54.50025099999999,224.171875,100.6
1084,54.544870138168335,54.510919,224.171875,100.0
1085,54.55516505241394,54.52121199999999,224.171875,100.0
1086,54.56661510467529,54.53266000000002,224.171875,100.1
1087,54.69334292411804,54.65937100000002,224.171875,100.0
1088,54.70944309234619,54.675464999999974,224.171875,99.9
1089,54.84512996673584,54.811121000000014,224.171875,100.0
1090,54.85913610458374,54.82512700000001,224.171875,99.9
1091,54.8723509311676,54.83833800000002,224.171875,100.0
1092,55.01170825958252,54.977671999999984,224.171875,100.0
1093,55.02299690246582,54.98906099999999,224.171875,101.0
1094,55.14927005767822,55.11531500000001,224.171875,100.0
1095,55.29770302772522,55.26375200000001,224.171875,100.0
1096,55.308794021606445,55.27484199999998,224.171875,100.0
1097,55.31901407241821,55.285053000000005,224.171875,99.9
1098,55.32810020446777,55.29413499999998,224.171875,100.0
1099,55.33711504936218,55.30314900000002,224.171875,100.0
1100,55.346142053604126,55.31217400000003,224.171875,99.9
1101,55.35672402381897,55.32275499999997,224.171875,100.0
1102,55.36684608459473,55.332875,224.171875,100.0
1103,55.37683415412903,55.34294999999997,224.1875,100.9
1104,55.39043998718262,55.356555000000014,224.1875,100.0
1105,55.399264097213745,55.365377000000024,224.1875,99.9
1106,55.40906596183777,55.375179,224.1875,100.0
1107,55.417425870895386,55.38353599999999,224.1875,100.0
1108,55.43385124206543,55.399959000000024,224.1875,100.0
1109,55.444016218185425,55.410123,224.1875,100.1
1110,55.452210903167725,55.418317,224.1875,100.0
1111,55.46229910850525,55.428403,224.1875,99.9
1112,55.47226810455322,55.438372000000015,224.1875,99.9
1113,55.48247289657593,55.44867199999999,224.25,101.1
1114,55.49231696128845,55.458515999999975,224.25,100.0
1115,55.5065701007843,55.472766999999976,224.25,100.0
1116,55.516403913497925,55.482597999999996,224.25,100.0
1117,55.526103019714355,55.49229700000001,224.25,100.0
1118,55.65525817871094,55.62143200000003,224.25,100.0
1119,55.665416955947876,55.63158900000002,224.25,99.9
1120,55.68530821800232,55.651478,224.25,100.1
1121,55.69690227508545,55.663070000000005,224.25,99.9
1122,55.70599913597107,55.67216500000001,224.25,100.0
1123,55.71660113334656,55.68286699999999,224.296875,100.9
1124,55.72722101211548,55.69348600000001,224.296875,100.0
1125,55.737115144729614,55.70337699999999,224.296875,100.1
1126,55.746758222579956,55.71301999999997,224.296875,99.9
1127,55.75541400909424,55.72167400000001,224.296875,100.0
1128,55.76519203186035,55.73145199999999,224.296875,100.0
1129,55.77501702308655,55.74127299999998,224.296875,100.0
1130,55.78537392616272,55.75162999999998,224.296875,100.0
1131,55.79440402984619,55.76065799999998,224.296875,100.0
1132,55.80396103858948,55.77021300000001,224.296875,100.1
1133,55.81519794464111,55.78154699999999,224.359375,100.8
1134,55.82903504371643,55.795383000000015,224.359375,100.0
1135,55.83661413192749,55.80295899999999,224.359375,100.2
1136,55.846195936203,55.81254100000001,224.359375,99.9
1137,55.85605502128601,55.822397000000024,224.359375,100.1
1138,55.86569595336914,55.83203800000001,224.359375,100.0
1139,55.990813970565796,55.95711299999999,224.359375,100.0
1140,56.00068807601929,55.96698500000002,224.359375,100.0
1141,56.012168884277344,55.97846700000002,224.359375,100.0
1142,56.14182710647583,56.108104000000026,224.359375,100.0
1143,56.28054189682007,56.246887000000015,224.375,100.1
1144,56.40646815299988,56.372788000000014,224.375,100.0
1145,56.53027892112732,56.49658199999999,224.375,100.0
1146,56.540030002593994,56.50633099999999,224.375,99.7
1147,56.69080185890198,56.65707600000002,224.375,100.0
1148,56.70038914680481,56.666660999999976,224.375,100.1
1149,56.7135009765625,56.679772000000014,224.375,99.8
1150,56.83839511871338,56.804647999999986,224.375,100.0
1151,56.967989921569824,56.934212,224.375,100.0
1152,56.97748517990112,56.94370700000002,224.375,99.9
1153,56.988627910614014,56.95494600000001,224.375,100.8
1154,56.997881174087524,56.96419700000001,224.375,100.1
1155,57.010231018066406,56.97654799999998,224.375,100.1
1156,57.02063512802124,56.986947999999984,224.375,99.7
1157,57.0302209854126,56.996533,224.375,100.0
1158,57.15682601928711,57.12311,224.375,100.0
1159,57.16817784309387,57.13445999999999,224.375,100.1
1160,57.17761421203613,57.143894999999986,224.375,100.1
1161,57.187220096588135,57.153501000000006,224.375,99.8
1162,57.19716000556946,57.16343899999998,224.375,100.1
1163,57.20690894126892,57.173280999999974,224.390625,101.1
1164,57.21584510803223,57.182214999999985,224.390625,99.9
1165,57.35841512680054,57.32476600000001,224.390625,100.0
1166,57.36867094039917,57.33502099999998,224.390625,100.2
1167,57.49387311935425,57.46018800000002,224.390625,100.0
1168,57.50421619415283,57.470529,224.390625,100.0
1169,57.631535053253174,57.597811999999976,224.390625,100.0
1170,57.644258975982666,57.61053800000002,224.390625,99.8
1171,57.6539740562439,57.620248000000004,224.390625,100.1
1172,57.66294598579407,57.62921299999999,224.390625,99.9
1173,57.78959894180298,57.75588699999997,224.421875,100.0
1174,57.80101823806763,57.76730500000002,224.421875,99.9
1175,57.812347173690796,57.77863300000001,224.421875,100.0
1176,57.821654081344604,57.787938,224.421875,99.9
1177,57.83580493927002,57.80208699999997,224.421875,99.9
1178,57.84611415863037,57.81239799999997,224.421875,100.2
1179,57.85787010192871,57.824141,224.421875,100.0
1180,57.98469400405884,57.950917000000004,224.421875,100.0
1181,57.99379825592041,57.96001899999999,224.421875,100.0
1182,58.00871920585632,57.974941,224.421875,100.1
1183,58.16083812713623,58.12712299999998,224.609375,100.0
1184,58.17135000228882,58.13763399999999,224.609375,100.0
1185,58.18313121795654,58.149392999999975,224.609375,99.8
1186,58.19421410560608,58.16047500000002,224.609375,100.2
1187,58.202961921691895,58.16921300000001,224.609375,99.9
1188,58.21826410293579,58.184510999999986,224.609375,99.9
1189,58.34602499008179,58.31223899999998,224.609375,100.0
1190,58.35662889480591,58.32284099999998,224.609375,100.0
1191,58.36766529083252,58.33387299999998,224.609375,100.0
1192,58.374091148376465,58.340299000000016,224.609375,100.2
1193,58.3842191696167,58.35053499999998,224.609375,101.0
1194,58.51000189781189,58.47627899999998,224.609375,100.0
1195,58.52080011367798,58.487075000000004,224.609375,99.8
1196,58.52993106842041,58.49620599999997,224.609375,100.3
1197,58.66402196884155,58.63025399999998,224.609375,100.0
1198,58.67648100852966,58.642701999999986,224.609375,99.9
1199,58.68628716468811,58.65250500000002,224.609375,99.8
1200,58.695724964141846,58.66194100000001,224.609375,100.2
1201,58.82253909111023,58.78872000000001,224.609375,100.0
1202,58.83336114883423,58.79954300000003,224.609375,99.9
1203,58.95809316635132,58.924237000000005,224.609375,100.0
1204,59.085428953170776,59.051559999999995,224.609375,100.0
1205,59.21174502372742,59.17784799999998,224.609375,100.0
1206,59.22595810890198,59.19205899999997,224.609375,100.0
1207,59.238221168518066,59.20432299999999,224.609375,100.0
1208,59.24787902832031,59.213977,224.609375,99.9
1209,59.37032389640808,59.336409,224.609375,100.0
1210,59.50260806083679,59.46865700000001,224.609375,100.0
1211,59.51524209976196,59.48129,224.609375,100.0
1212,59.5237922668457,59.48983500000003,224.609375,99.8
1213,59.53339123725891,59.49943300000001,224.609375,100.1
1214,59.55145502090454,59.517495999999994,224.609375,99.9
1215,59.56048893928528,59.526522,224.609375,100.1
1216,59.68228816986084,59.648307999999986,224.609375,100.0
1217,59.815016984939575,59.78101299999997,224.609375,100.0
1218,59.825541257858276,59.79153500000001,224.609375,100.0
1219,59.8358268737793,59.80182100000002,224.609375,99.9
1220,59.95633006095886,59.92231199999998,224.609375,100.0
1221,59.96733999252319,59.933317999999986,224.609375,99.9
1222,60.08834719657898,60.05431299999998,224.609375,100.0
1223,60.09849810600281,60.06446299999999,224.609375,99.9
1224,60.10729503631592,60.07325900000001,224.625,100.2
1225,60.116873025894165,60.082832999999994,224.625,100.1
1226,60.12663197517395,60.09259100000003,224.625,99.9
1227,60.142378091812134,60.10833600000001,224.625,100.0
1228,60.152742862701416,60.11870099999999,224.625,100.1
1229,60.16222310066223,60.12817799999999,224.625,100.0
1230,60.17209219932556,60.138048000000026,224.625,100.0
1231,60.18603014945984,60.151981999999975,224.625,100.0
1232,60.19611120223999,60.162064999999984,224.625,99.9
1233,60.320152044296265,60.286107000000015,224.625,100.0
1234,60.32968711853027,60.29563999999999,224.625,100.2
1235,60.45727515220642,60.42317800000001,224.625,100.0
1236,60.60271596908569,60.568498999999974,224.625,99.9
1237,60.74411487579346,60.70979299999999,224.625,99.9
1238,60.89779615402222,60.863381000000004,224.625,99.9
1239,61.056082010269165,61.01767899999999,224.625,97.5
1240,61.17785024642944,61.13941399999999,224.625,100.0
1241,61.18799901008606,61.149562,224.625,100.0
1242,61.20115518569946,61.162717999999984,224.625,100.0
1243,61.211328983306885,61.172889999999995,224.625,99.7
1244,61.2307231426239,61.19228099999998,224.625,100.0
1245,61.24001717567444,61.201573999999994,224.625,100.2
1246,61.249834060668945,61.211389999999994,224.625,100.1
1247,61.259395122528076,61.220950000000016,224.625,99.9
1248,61.26811385154724,61.229668000000004,224.625,100.1
1249,61.27857208251953,61.24012499999998,224.625,100.0
1250,61.29288196563721,61.254433000000006,224.625,99.9
1251,61.309104204177856,61.27065299999998,224.625,100.0
1252,61.320773124694824,61.28231499999998,224.625,100.1
1253,61.32995891571045,61.291494,224.625,99.7
1254,61.340251207351685,61.301784,224.625,99.9
1255,61.35268998146057,61.31422199999997,224.625,100.2
1256,61.362786054611206,61.324318000000005,224.625,99.8
1257,61.37725901603699,61.33877699999999,224.625,100.1
1258,61.389578104019165,61.35108500000001,224.625,99.7
1259,61.57605290412903,61.536771999999985,224.625,99.6
1260,61.71992111206055,61.68053900000001,224.625,99.9
1261,61.730303049087524,61.69091300000002,224.625,100.0
1262,61.74230599403381,61.702905999999984,224.625,99.9
1263,61.87585997581482,61.836378000000025,224.625,99.9
1264,61.887068033218384,61.847582999999986,224.625,100.2
1265,61.912919998168945,61.873425,224.625,99.9
1266,61.922451972961426,61.88295599999998,224.625,100.2
1267,61.93290901184082,61.89341200000001,224.625,99.9
1268,61.954684257507324,61.91516999999999,224.625,100.0
1269,61.96687316894531,61.92735299999998,224.625,99.9
1270,61.979459047317505,61.939932,224.625,99.9
1271,61.99735188484192,61.95781199999999,224.625,99.9
1272,62.02402305603027,61.984448999999984,224.625,99.8
1273,62.164958000183105,62.12527899999998,224.625,100.0
1274,62.17725706100464,62.137576000000024,224.625,99.8
1275,62.19201612472534,62.152333999999996,224.625,100.2
1276,62.20439410209656,62.16471100000001,224.625,99.9
1277,62.21572518348694,62.176041,224.625,99.9
1278,62.22613501548767,62.18644899999998,224.625,100.0
1279,62.23632097244263,62.196635000000015,224.625,100.2
1280,62.24797797203064,62.208290999999974,224.625,99.9
1281,62.25784921646118,62.21816100000001,224.625,100.1
1282,62.26765322685242,62.227958,224.625,99.8
1283,62.277308225631714,62.237611000000015,224.625,100.3
1284,62.286442041397095,62.246744999999976,224.625,99.9
1285,62.30067825317383,62.260977000000025,224.625,100.0
1286,62.316163063049316,62.276454,224.625,100.0
1287,62.326274156570435,62.286564,224.625,99.9
1288,62.3359100818634,62.2962,224.625,99.8
1289,62.34517002105713,62.30545799999999,224.625,100.2
1290,62.479788064956665,62.43917099999999,224.625,99.3
1291,62.49514293670654,62.454521,224.625,100.1
1292,62.615984201431274,62.57533999999998,224.625,100.0
1293,62.62558913230896,62.584946,224.625,99.8
1294,62.635629177093506,62.59498300000001,224.625,100.1
1295,62.644121170043945,62.603475,224.625,99.7
1296,62.769185066223145,62.72852899999998,224.625,100.0
1297,62.77777314186096,62.73711700000001,224.640625,100.1
1298,62.78728008270264,62.746621000000005,224.640625,99.9
1299,62.798964977264404,62.75830400000001,224.640625,100.0
1300,62.80895805358887,62.76829600000002,224.640625,100.2
1301,62.818856954574585,62.778193999999985,224.640625,99.8
1302,62.82794904708862,62.787285,224.640625,100.0
1303,62.837308168411255,62.79664300000002,224.640625,99.9
1304,62.845564126968384,62.80489799999998,224.640625,100.2
1305,62.85690116882324,62.81623400000001,224.65625,99.9
1306,62.98060488700867,62.93989499999998,224.65625,100.0
1307,63.12580609321594,63.08506999999997,224.65625,100.0
1308,63.1355881690979,63.094851000000006,224.65625,99.9
1309,63.14556384086609,63.104825000000005,224.65625,100.1
1310,63.155369997024536,63.114630999999974,224.65625,99.8
1311,63.16479301452637,63.124053,224.65625,100.0
1312,63.17385697364807,63.13311599999997,224.65625,100.2
1313,63.184000968933105,63.143249000000026,224.65625,99.8
1314,63.19386005401611,63.153107999999975,224.65625,99.9
1315,63.203593015670776,63.16284000000002,224.65625,100.1
1316,63.21302103996277,63.172267999999974,224.65625,99.8
1317,63.33341598510742,63.29265099999998,224.65625,100.0
1318,63.343677043914795,63.302910999999995,224.65625,99.8
1319,63.352092027664185,63.31132600000001,224.65625,100.2
1320,63.36076211929321,63.31999400000001,224.65625,99.9
1321,63.49907898902893,63.458301000000006,224.65625,100.0
1322,63.61887216567993,63.57808399999999,224.65625,100.0
1323,63.629393100738525,63.58860199999998,224.65625,99.8
1324,63.636932134628296,63.59613999999999,224.65625,100.2
1325,63.64557909965515,63.60478599999999,224.65625,99.9
1326,63.653565883636475,63.612773000000004,224.65625,99.8
1327,63.66222524642944,63.621429999999975,224.65625,100.0
1328,63.78467416763306,63.744028000000014,224.5625,100.1
1329,63.79635310173035,63.755705999999975,224.5625,100.0
1330,63.94177317619324,63.90111300000001,224.5625,100.0
1331,63.95256185531616,63.91197,224.59375,100.7
1332,63.96098303794861,63.92039,224.59375,99.8
1333,64.08705997467041,64.04643700000003,224.59375,100.0
1334,64.21508502960205,64.17445199999997,224.59375,100.0
1335,64.2255859375,64.184954,224.59375,100.1
1336,64.24308109283447,64.20244500000001,224.59375,100.0
1337,64.25719094276428,64.21655299999998,224.59375,100.0
1338,64.26621603965759,64.22557699999999,224.59375,100.0
1339,64.27579593658447,64.23515600000002,224.59375,100.0
1340,64.4286720752716,64.38800900000001,224.59375,100.0
1341,64.4403440952301,64.399788,224.609375,101.0
1342,64.5640959739685,64.52353,224.609375,100.0
1343,64.57394099235535,64.53337299999998,224.609375,99.9
1344,64.5840950012207,64.54352699999998,224.609375,100.0
1345,64.70784306526184,64.66725300000002,224.609375,100.0
1346,64.71940922737122,64.67881799999998,224.609375,99.9
1347,64.72930192947388,64.68870900000002,224.609375,99.9
1348,64.85124206542969,64.81064400000002,224.609375,100.0
1349,64.86008024215698,64.819477,224.609375,100.0
1350,64.87023425102234,64.82963000000001,224.609375,100.1
1351,64.9920539855957,64.95154200000002,224.625,100.1
1352,65.11470317840576,65.07418100000001,224.625,100.0
1353,65.12919807434082,65.08867600000002,224.625,99.9
1354,65.2541298866272,65.21360900000002,224.625,100.0
1355,65.26211714744568,65.22159499999998,224.625,100.2
1356,65.27755904197693,65.23703599999999,224.625,99.9
1357,65.28785514831543,65.24733099999997,224.625,100.1
1358,65.40895891189575,65.368425,224.625,100.0
1359,65.5317611694336,65.491218,224.625,100.0
1360,65.54322814941406,65.50268299999999,224.625,100.1
1361,65.55270409584045,65.51226300000002,224.640625,100.9
1362,65.56482100486755,65.52437900000001,224.640625,100.1
1363,65.57397103309631,65.53352999999998,224.640625,99.9
1364,65.71647787094116,65.67602299999999,224.640625,100.0
1365,65.72597599029541,65.685521,224.640625,100.3
1366,65.8478651046753,65.80739399999999,224.640625,100.0
1367,65.85713195800781,65.81666000000001,224.640625,100.3
1368,65.86611604690552,65.82564300000001,224.640625,100.0
1369,65.99278903007507,65.95230700000002,224.640625,100.0
1370,66.1214849948883,66.08098100000001,224.640625,100.0
1371,66.13263416290283,66.09221000000002,224.65625,100.8
1372,66.14250612258911,66.10208,224.65625,99.8
1373,66.2730040550232,66.23256099999998,224.65625,100.0
1374,66.39597797393799,66.35551900000002,224.65625,100.0
1375,66.40900611877441,66.36854599999998,224.65625,99.9
1376,66.55791807174683,66.51743099999999,224.65625,100.0
1377,66.57009100914001,66.529604,224.65625,100.1
1378,66.68969798088074,66.649204,224.65625,100.0
1379,66.70272421836853,66.66222699999997,224.65625,100.0
1380,66.83034205436707,66.78983499999998,224.65625,100.0
1381,66.98086595535278,66.940449,224.65625,100.1
1382,67.12807393074036,67.08763599999997,224.65625,100.0
1383,67.25356006622314,67.21311400000002,224.65625,100.0
1384,67.26370406150818,67.223255,224.65625,99.8
1385,67.4013180732727,67.36086,224.65625,100.0
1386,67.41035008430481,67.369891,224.65625,99.9
1387,67.42028999328613,67.37983100000002,224.65625,100.0
1388,67.43003225326538,67.38957099999999,224.65625,100.1
1389,67.43851900100708,67.39805799999999,224.65625,99.9
1390,67.44918918609619,67.408727,224.65625,99.9
1391,67.58482813835144,67.54448400000001,224.65625,100.1
1392,67.71040105819702,67.67004100000003,224.65625,100.0
1393,67.72019815444946,67.67983700000002,224.65625,99.9
1394,67.72856187820435,67.6882,224.65625,100.1
1395,67.85780096054077,67.817433,224.65625,100.0
1396,67.9795241355896,67.939144,224.65625,100.0
1397,67.98907208442688,67.94869299999999,224.65625,100.0
1398,67.99785804748535,67.95747699999998,224.65625,99.8
1399,68.16408610343933,68.123674,224.65625,100.0
1400,68.2951889038086,68.25475899999998,224.65625,100.0
1401,68.30752801895142,68.26722000000001,224.65625,100.9
1402,68.42643809318542,68.386121,224.671875,100.0
1403,68.43612504005432,68.39580799999999,224.671875,100.3
1404,68.4461612701416,68.405844,224.671875,100.0
1405,68.46046805381775,68.42014899999998,224.671875,99.9
1406,68.47581100463867,68.43549100000001,224.671875,100.0
1407,68.4883360862732,68.448015,224.671875,100.0
1408,68.61741495132446,68.577087,224.671875,100.0
1409,68.6357650756836,68.59543500000001,224.671875,100.0
1410,68.64747214317322,68.60714200000001,224.671875,100.1
1411,68.65858101844788,68.61837700000001,224.765625,100.9
1412,68.67399024963379,68.63378399999999,224.765625,100.1
1413,68.68384623527527,68.64363800000001,224.765625,99.9
1414,68.69352912902832,68.653321,224.765625,100.3
1415,68.70293712615967,68.66272900000001,224.765625,99.7
1416,68.71217727661133,68.67196799999999,224.78125,100.2
1417,68.72132396697998,68.68111399999998,224.78125,100.1
1418,68.7305121421814,68.69030199999997,224.78125,100.0
1419,68.74064683914185,68.70043600000002,224.78125,100.0
1420,68.75078201293945,68.71057200000001,224.78125,100.0
1421,68.76175808906555,68.72166399999998,224.84375,101.0
1422,68.77121114730835,68.73111399999999,224.84375,100.1
1423,68.7822380065918,68.742141,224.84375,100.0
1424,68.79149007797241,68.751395,224.84375,100.0
1425,68.80158591270447,68.76148699999999,224.84375,100.1
1426,68.81064009666443,68.77053999999998,224.84375,99.7
1427,68.8202440738678,68.78014300000001,224.84375,100.2
1428,68.83035802841187,68.790256,224.84375,99.9
1429,68.83942103385925,68.79931900000003,224.84375,100.2
1430,68.84994006156921,68.80983700000002,224.84375,99.8
1431,68.86088490486145,68.82089300000001,224.921875,101.0
1432,68.87591814994812,68.83592599999997,224.921875,100.1
1433,68.88858604431152,68.848592,224.921875,99.9
1434,68.89701414108276,68.85701999999998,224.921875,100.0
1435,68.9065420627594,68.86654700000003,224.921875,100.2
1436,68.91584515571594,68.87585000000001,224.921875,99.8
1437,68.92429208755493,68.88429500000001,224.921875,100.2
1438,69.04377913475037,69.00376999999997,224.921875,100.0
1439,69.05601906776428,69.01601,224.921875,100.0
1440,69.06561803817749,69.02560999999997,224.921875,99.8
1441,69.07531309127808,69.03540400000003,224.921875,101.0
1442,69.26138806343079,69.22146400000003,224.921875,100.0
1443,69.27009105682373,69.230166,224.921875,99.9
1444,69.39764404296875,69.35771199999999,224.921875,100.0
1445,69.5235710144043,69.48362300000002,224.921875,100.0
1446,69.67017698287964,69.63021600000002,224.921875,100.0
1447,69.79079818725586,69.75082900000001,224.921875,100.0
1448,69.9117681980133,69.87177400000002,224.921875,100.0
1449,70.03775525093079,69.99774500000001,224.921875,100.0
1450,70.19508719444275,70.155057,224.921875,100.0
1451,70.2062680721283,70.166357,224.921875,101.0
1452,70.21553897857666,70.17562800000002,224.921875,100.3
1453,70.3503680229187,70.31047899999999,224.921875,100.0
1454,70.35953783988953,70.31964900000003,224.921875,100.0
1455,70.37043404579163,70.33054399999997,224.921875,100.0
1456,70.37995505332947,70.34006399999998,224.921875,100.0
1457,70.50560402870178,70.46570500000001,224.921875,100.0
1458,70.51587104797363,70.47597200000001,224.921875,100.1
1459,70.52630305290222,70.486402,224.921875,99.8
1460,70.53693914413452,70.49703899999997,224.921875,100.3
1461,70.54643106460571,70.506643,224.921875,101.2
1462,70.55507898330688,70.51529,224.921875,99.8
1463,70.56516313552856,70.525375,224.921875,100.2
1464,70.69182705879211,70.65202399999998,224.921875,100.0
